code,name,price(won),market_capitalization(0.1b)
A005930,삼성전자,65100,4340562
A373220,LG에너지솔루션,594000,1389960
A207940,삼성바이오로직스,817000,581492
A000660,SK하이닉스,89300,650106
A051910,LG화학,802000,595560
A006400,삼성SDI,762000,529851
A005380,현대차,196100,475909
A035420,NAVER,199000,326458
A000270,기아,85300,345775
A005490,POSCO홀딩스,416000,351816
A035720,카카오,60500,269622
A068270,셀트리온,175800,247561
A028260,삼성물산,110000,207171
A105560,KB금융,48650,198928
A012330,현대모비스,231000,217799
A055550,신한지주,35350,178556
A003670,포스코퓨처엠,342500,265312
A096770,SK이노베이션,190400,177592
A034730,SK,174700,130410
A066570,LG전자,115200,197098
A032830,삼성생명,64700,129400
A033780,KT&G,83600,114777
A015760,한국전력,18730,120240
A003550,LG,92100,146856
A086790,하나금융지주,42200,124871
A010130,고려아연,547000,108651
A323410,카카오뱅크,23750,113232
A259960,크래프톤,191900,94486
A247540,에코프로비엠,277500,271399
A017670,SK텔레콤,48300,105696
A011200,HMM,20600,100742
A034020,두산에너빌리티,18080,115406
A009150,삼성전기,154300,117363
A329180,HD현대중공업,104700,92945
A036570,엔씨소프트,380000,83425
A091990,셀트리온헬스케어,74400,117740
A051900,LG생활건강,652000,107489
A018260,삼성에스디에스,119600,92544
A010950,S-Oil,82100,94522
A009830,한화솔루션,51600,89698
A030200,KT,30750,80292
A000810,삼성화재,207500,103432
A316140,우리금융지주,11670,84965
A003490,대한항공,23150,85561
A024110,기업은행,10120,80699
A066970,엘앤에프,314000,113098
A090430,아모레퍼시픽,136000,84190
A011070,LG이노텍,261500,61889
A377300,카카오페이,60400,80879
A086280,현대글로비스,162900,61088
A302440,SK바이오사이언스,83400,64038
A011170,롯데케미칼,185000,79135
A097950,CJ제일제당,321500,50340
A352820,하이브,259000,107105
A383220,F&F,140300,53745
A326030,SK바이오팜,76000,59518
A009540,한국조선해양,83300,58954
A035250,강원랜드,19700,42146
A402340,SK스퀘어,40550,57365
A032640,LG유플러스,11320,49424
A000060,메리츠화재,0,0
A034220,LG디스플레이,16560,59254
A267250,HD현대,60000,47396
A138040,메리츠금융지주,44500,76357
A028050,삼성엔지니어링,30350,59486
A047810,한국항공우주,51100,49810
A361610,SK아이이테크놀로지,86100,61387
A271560,오리온,134000,52978
A018880,한온시스템,9190,49056
A010140,삼성중공업,5660,50002
A000720,현대건설,39650,44710
A004020,현대제철,36700,48975
A078930,GS,41000,38720
A005830,DB손해보험,77600,54941
A011780,금호석유,142700,44027
A000100,유한양행,58500,45483
A021240,코웨이,51700,38154
A011790,SKC,109800,41579
A161390,한국타이어앤테크놀로지,35700,44223
A251270,넷마블,70500,60597
A006800,미래에셋증권,6930,47726
A028300,HLB,37000,43503
A029780,삼성카드,30400,35221
A012450,한화에어로스페이스,107800,54579
A008560,메리츠증권,6100,36184
A293490,카카오게임즈,42200,34784
A241560,두산밥캣,46700,46816
A282330,BGF리테일,182300,31509
A086520,에코프로,611000,158110
A064350,현대로템,27250,29741
A010620,현대미포조선,72600,28998
A004990,롯데지주,29250,31017
A137310,에스디바이오센서,22500,23502
A112610,씨에스윈드,78700,33189
A036460,한국가스공사,27600,25478
A128940,한미약품,333000,41832
A071050,한국금융지주,56800,34154
A005940,NH투자증권,9330,32673
A016360,삼성증권,34100,30451
A007070,GS리테일,27500,28797
A307950,현대오토에버,125600,34445
A003410,쌍용C&E,6060,30534
A047050,포스코인터내셔널,26500,46620
A028670,팬오션,6010,32128
A008770,호텔신라,84400,33579
A020150,롯데에너지머티리얼즈,69300,31955
A263750,펄어비스,47100,30257
A030000,제일기획,19560,22502
A180640,한진칼,43550,29219
A001450,현대해상,34100,30485
A058470,리노공업,137600,20974
A002790,아모레G,40500,36303
A139480,이마트,100700,28071
A068760,셀트리온제약,93100,35107
A012750,에스원,56600,21508
A006260,LS,92700,29849
A039490,키움증권,109400,28684
A278280,천보,262000,26200
A138930,BNK금융지주,6780,22098
A023530,롯데쇼핑,83500,23621
A014680,한솔케미칼,236500,26808
A006040,동원산업,50600,25291
A052690,한전기술,73500,28092
A010060,OCI,109100,26020
A204320,HL만도,48000,22539
A001040,CJ,108600,36290
A336260,두산퓨얼셀,32350,22776
A088350,한화생명,2450,21279
A000880,한화,26250,22998
A253450,스튜디오드래곤,70600,21221
A272210,한화시스템,14470,27337
A008930,한미사이언스,46250,32355
A035900,JYP Ent.,85000,30173
A026960,동서,19300,19242
A002380,KCC,226500,20128
A047040,대우건설,4230,17581
A111770,영원무역,44600,19763
A001440,대한전선,1660,20658
A004170,신세계,212000,20872
A042660,대우조선해양,26600,28539
A017390,서울가스,491500,24575
A079550,LIG넥스원,73800,16236
A000120,CJ대한통운,81000,18478
A081660,휠라홀딩스,36000,21871
A006360,GS건설,21800,18657
A004370,농심,376000,22871
A000990,DB하이텍,71600,31900
A005070,코스모신소재,179000,54865
A196170,알테오젠,52600,27099
A041510,에스엠,105500,25142
A035760,CJ ENM,84500,18530
A000080,하이트진로,22300,15820
A016710,대성홀딩스,131800,21206
A393890,더블유씨피,57900,19510
A007310,오뚜기,450000,18035
A298050,효성첨단소재,417000,18681
A010120,LS ELECTRIC,62100,18630
A069620,대웅제약,113700,13174
A001570,금양,77100,44757
A005290,동진쎄미켐,32150,16530
A175330,JB금융지주,8610,16960
A357780,솔브레인,230000,17891
A048260,오스템임플란트,187100,29144
A042670,현대두산인프라코어,9220,18234
A011210,현대위아,63900,17378
A375500,DL이앤씨,33400,13861
A004000,롯데정밀화학,59100,15248
A004800,효성,67600,14244
A000150,두산,98900,19181
A001120,LX인터내셔널,30050,11647
A096530,씨젠,26900,14049
A034230,파라다이스,16150,14805
A051600,한전KPS,36500,16425
A298020,효성티앤씨,413500,17895
A004690,삼천리,516000,20924
A285130,SK케미칼,79400,14475
A267260,현대일렉트릭,47550,17140
A006280,녹십자,135500,15835
A365340,성일하이텍,151600,18171
A014820,동원시스템즈,48850,14247
A003620,KG모빌리티,8760,16377
A005300,롯데칠성,159900,15372
A000210,DL,52200,11446
A237690,에스티팜,87600,16476
A056190,에스에프에이,40150,14417
A108320,LX세미콘,102900,16736
A145020,휴젤,133300,16510
A069960,현대백화점,53100,12427
A000670,영풍,589000,10850
A078600,대주전자재료,116700,18066
A240810,원익IPS,32500,15952
A336370,솔루스첨단소재,45700,17163
A000240,한국앤컴퍼니,12430,11800
A139130,DGB금융지주,6950,11756
A042700,한미반도체,19880,19351
A025900,동화기업,54200,10952
A001230,동국제강,12750,12168
A005850,에스엘,32100,14910
A120110,코오롱인더,44700,12972
A064760,티씨케이,98200,11465
A100090,SK오션플랜트,20150,10727
A093370,후성,16280,15361
A403870,HPSP,21900,17774
A280360,롯데웰푸드,107100,10104
A017800,현대엘리베이,34400,14040
A271940,일진하이솔루스,31250,11348
A112040,위메이드,53900,18217
A214150,클래시스,21700,14057
A214370,케어젠,224000,24064
A018670,SK가스,120100,11086
A003090,대웅,16020,9314
A267270,현대건설기계,57300,11289
A298380,에이비엘바이오,25600,12241
A007390,네이처셀,11970,7500
A019170,신풍제약,21500,12179
A353200,대덕전자,23900,12035
A137400,피엔티,55400,12599
A007700,F&F홀딩스,25200,9857
A009240,한샘,49300,11602
A012510,더존비즈온,33250,10102
A195940,HK이노엔,36200,10255
A032500,케이엠더블유,21800,8681
A032190,다우데이타,49750,19054
A022100,포스코DX,12000,18244
A089860,롯데렌탈,27100,9928
A010780,아이에스동서,40550,12527
A222800,심텍,30650,9763
A006650,대한유화,168400,10946
A001740,SK네트웍스,4755,11865
A114090,GKL,20200,12495
A048410,현대바이오,21450,8536
A249420,일동제약,22850,6125
A000250,삼천당제약,94200,21491
A348370,엔켐,75600,11954
A003690,코리안리,7350,10350
A067630,HLB생명과학,11630,11250
A185750,종근당,86600,10884
A215600,신라젠,6850,7046
A067160,아프리카TV,79000,9081
A145720,덴티움,147000,16271
A098460,고영,15180,10422
A213420,덕산네오룩스,46300,11497
A001800,오리온홀딩스,16780,10512
A121600,나노신소재,162100,17585
A178920,PI첨단소재,35050,10293
A020560,아시아나항공,13310,9904
A023590,다우기술,20850,9355
A141080,레고켐바이오,45100,11912
A009900,명신산업,20200,10599
A215200,메가스터디교육,58400,6927
A225570,넥슨게임즈,21300,14007
A016380,KG스틸,11020,11021
A248070,솔루엠,22650,11326
A090460,비에이치,23500,8099
A192080,더블유게임즈,45950,8443
A095660,네오위즈,42500,9364
A181710,NHN,27250,9815
A082640,동양생명,3720,6003
A161890,한국콜마,43200,9885
A069260,TKG휴켐스,22300,9116
A214320,이노션,40550,8110
A073240,금호타이어,4520,12984
A039030,이오테크닉스,86200,10619
A031430,신세계인터내셔날,20850,7443
A003380,하림지주,17120,19175
A064550,바이오니아,52500,13550
A032350,롯데관광개발,12000,8852
A002840,미원상사,170400,8264
A103140,풍산,41300,11574
A300720,한일시멘트,12920,8949
A052020,에스티큐브,21250,9834
A089590,제주항공,14800,11395
A003230,삼양식품,120900,9107
A079160,CJ CGV,15650,7469
A003100,선광,163900,10817
A299900,위지윅스튜디오,17360,7424
A039130,하나투어,58900,9447
A003240,태광산업,723000,8050
A122870,와이지엔터테인먼트,63100,11776
A005250,녹십자홀딩스,17240,8405
A140860,파크시스템스,154000,10700
A008730,율촌화학,40500,10044
A383310,에코프로에이치엔,72300,11065
A005420,코스모화학,76400,26746
A078340,컴투스,75800,9753
A298040,효성중공업,76100,7096
A086900,메디톡스,262500,18093
A030190,NICE평가정보,11980,7274
A009970,영원무역홀딩스,63800,8700
A085660,차바이오텍,13480,7585
A222080,씨아이에스,13370,8299
A268280,미원에스씨,136500,6962
A007340,DN오토모티브,74900,7486
A003540,대신증권,13410,11378
A009420,한올바이오파마,22550,11780
A144510,지씨셀,48200,7616
A036540,SFA반도체,5680,9341
A322000,현대에너지솔루션,51600,5779
A001680,대상,19200,6860
A950160,코오롱티슈진,10990,7572
A039200,오스코텍,23600,8671
A003850,보령,9260,6361
A294870,HDC현대산업개발,12190,8034
A376300,디어유,51000,12089
A284740,쿠쿠홈시스,26650,5980
A003030,세아제강지주,138200,5724
A383800,LX홀딩스,8620,6778
A195870,해성디에스,50200,8534
A272450,진에어,15850,8274
A003070,코오롱글로벌,15990,3215
A200130,콜마비앤에이치,23500,6943
A074600,원익QnC,25800,6782
A086450,동국제약,16210,7207
A016790,카나리아바이오,38000,17809
A084850,아이티엠반도체,26800,6078
A166090,하나머티리얼즈,44400,8770
A215000,골프존,120500,7562
A005880,대한해운,2160,6894
A001430,세아베스틸지주,25500,9145
A192820,코스맥스,78200,8875
A005440,현대지에프홀딩스,4120,2630
A010050,우리종금,775,6775
A381970,케이카,15550,7477
A053800,안랩,63500,6359
A002350,넥센타이어,8780,8771
A189300,인텔리안테크,87000,7990
A004490,세방전지,56100,7854
A214450,파마리서치,96200,9728
A290670,대보마그네틱,75700,5923
A014830,유니드,71400,4832
A005950,이수화학,45600,12750
A344820,KCC글라스,43800,6995
A064960,SNT모티브,49500,7238
A192650,드림텍,9800,6610
A000640,동아쏘시오홀딩스,87200,5536
A046890,서울반도체,11100,6472
A095500,미래나노텍,28900,8962
A095700,제넥신,14210,5729
A020000,한섬,25600,6305
A105630,한세실업,17110,6844
A403550,쏘카,18540,6074
A363280,티와이홀딩스,10720,5597
A034120,SBS,38050,6945
A290510,코리아센터,0,0
A218410,RFHIC,25750,6898
A006120,SK디스커버리,33100,6697
A095340,ISC,39400,6855
A178320,서진시스템,18020,6772
A005690,파미셀,9860,5918
A013890,지누스,30400,5746
A036930,주성엔지니어링,17630,8506
A025540,한국단자,63000,6561
A005610,SPC삼립,74100,6394
A068240,다원시스,13930,4828
A182400,엔케이맥스,12930,5161
A003520,영진약품,3150,5761
A057050,현대홈쇼핑,48650,5838
A101490,에스앤에스텍,46350,9943
A323990,박셀바이오,57800,8799
A069080,웹젠,16540,5840
A084370,유진테크,29950,6863
A272290,이녹스첨단소재,46500,9358
A030960,양지사,20700,3308
A192400,쿠쿠홀딩스,15650,5565
A036830,솔브레인홀딩스,30500,6394
A003000,부광약품,8500,6040
A000070,삼양홀딩스,78400,6883
A101670,하이드로리튬,49250,10999
A241590,화승엔터프라이즈,8640,5235
A003530,한화투자증권,2910,6504
A217270,넵튠,9970,4637
A060250,NHN한국사이버결제,12400,4980
A277810,레인보우로보틱스,110700,21311
A287410,제이시스메디칼,8730,6472
A025980,아난티,7130,6240
A002240,고려제강,19980,4995
A205470,휴마시스,4200,5434
A348210,넥스틴,66700,6641
A194480,데브시스터즈,65100,7725
A001720,신영증권,55500,9174
A011000,진원생명과학,6790,5279
A003470,유안타증권,2790,5917
A290650,엘앤씨바이오,30400,6896
A082740,HSD엔진,7740,5538
A049770,동원F&B,156100,6024
A009450,경동나비엔,35800,5216
A097520,엠씨넥스,33250,5978
A036420,콘텐트리중앙,22850,4401
A017960,한국카본,12080,5310
A073570,어반리튬,33350,9627
A289220,자이언트스텝,20300,4491
A085370,루트로닉,25500,6804
A025770,한국정보통신,11490,4302
A007460,에이프로젠,1513,3838
A067310,하나마이크론,16710,8008
A091700,파트론,8270,4873
A319660,피에스케이,21750,6300
A005090,SGC에너지,30500,4476
A049070,인탑스,41600,7155
A170900,동아에스티,58200,4916
A004360,세방,45600,9171
A082270,젬백스,14610,5823
A210980,SK디앤디,20850,4627
A294090,이오플로우,25200,7651
A235980,메드팩토,28350,5976
A085620,미래에셋생명,2675,4735
A299030,하나기술,67500,5050
A084990,헬릭스미스,9430,3923
A000370,한화손해보험,4350,5078
A041960,코미팜,7800,5006
A950210,프레스티지바이오파마,13010,7819
A033240,자화전자,29200,6277
A107600,새빗켐,103100,5012
A015750,성우하이텍,9440,7552
A043150,바텍,39000,5793
A000400,롯데손해보험,1564,4854
A034310,NICE,12140,4599
A183300,코미코,45450,4554
A023160,태광,17280,4579
A161000,애경케미칼,15260,7424
A093050,LF,17800,5205
A089980,상아프론테크,30350,4853
A091120,이엠텍,31200,5345
A131290,티에스이,42750,4729
A033290,코웰패션,4665,4129
A950130,엑세스바이오,10900,3958
A004890,동일산업,218500,5299
A025860,남해화학,8830,4387
A099190,아이센스,16680,4585
A131970,두산테스나,38050,5616
A268600,셀리버리,6680,2449
A006730,서부T&D,7890,4766
A230360,에코마케팅,12050,3900
A033640,네패스,22400,5165
A298540,더네이쳐홀딩스,27950,4065
A389260,대명에너지,28800,4910
A118990,모트렉스,22500,5511
A104460,디와이피엔에프,47900,5132
A060150,인선이엔티,8640,4023
A001060,JW중외제약,22300,5319
A018250,애경산업,21250,5612
A230240,에치에프알,30800,4155
A074610,이엔플러스,13990,8477
A058650,세아홀딩스,113000,4520
A014620,성광벤드,12280,3512
A319400,현대무벡스,3395,3910
A306200,세아제강,131600,3733
A038500,삼표시멘트,3770,4068
A009520,포스코엠텍,28400,11827
A004430,송원산업,18300,4392
A017810,풀무원,10050,3831
A027410,BGF,4500,4307
A007690,국도화학,45450,4095
A199800,툴젠,52400,4147
A099430,바이오플러스,6940,4020
A053210,스카이라이프,7330,3505
A001530,DI동일,24800,6341
A151860,KG ETS,19270,6937
A123890,한국자산신탁,2940,3645
A179900,유티아이,23900,3893
A145990,삼양사,43900,4635
A243840,신흥에스이씨,53300,4138
A104830,원익머트리얼즈,27900,3518
A101730,위메이드맥스,16250,5410
A007660,이수페타시스,9690,6129
A029960,코엔텍,7160,3580
A298000,효성화학,116700,3723
A053690,한미글로벌,36400,3989
A006390,한일현대시멘트,17930,3465
A011930,신성이엔지,2010,4138
A037560,LG헬로비전,4290,3322
A002900,TYM,2450,3733
A217820,원익피앤이,11060,4806
A183190,아세아시멘트,10170,3962
A064260,다날,4625,3189
A003280,흥아해운,1402,3371
A003220,대원제약,15300,3361
A005180,빙그레,42700,4206
A003800,에이스침대,32400,3593
A138490,코오롱플라스틱,10690,4062
A092040,아미코젠,19150,3783
A267980,매일유업,48800,3828
A058610,에스피지,31850,7063
A009160,SIMPAC,5030,3291
A226320,잇츠한불,16610,3642
A030610,교보증권,5240,3388
A051500,CJ프레시웨이,28900,3431
A008490,서흥,29800,3448
A033270,유나이티드제약,22500,3655
A041190,우리기술투자,4800,4032
A372170,윤성에프앤씨,150900,12040
A179290,엠아이텍,14700,4721
A278650,노터스,4410,3335
A097230,HJ중공업,3525,2935
A102940,코오롱생명과학,35600,4063
A005500,삼진제약,23250,3232
A001820,삼화콘덴서,46150,4797
A950220,네오이뮨텍,3715,3671
A256840,한국비엔씨,4415,2984
A000230,일동홀딩스,14030,1619
A243070,휴온스,34300,4094
A286940,롯데정보통신,27700,4265
A006110,삼아알미늄,96600,14212
A003300,한일홀딩스,11440,3527
A035600,KG이니시스,12820,3577
A328130,루닛,62400,7647
A006220,제주은행,22350,7181
A102460,이연제약,20150,3627
A036890,진성티이씨,11160,2509
A080580,오킨스전자,18940,3348
A119610,인터로조,34050,4500
A030520,한글과컴퓨터,15310,3859
A060720,KH바텍,19020,4503
A034830,한국토지신탁,1353,3416
A005390,신성통상,2115,3039
A206650,유바이오로직스,8620,3142
A092220,KEC,2365,3424
A036810,에프에스티,24800,5396
A004700,조광피혁,50200,3338
A053030,바이넥스,10540,3348
A060980,HL홀딩스,32300,3382
A095610,테스,22150,4379
A307750,국전약품,6580,3229
A029530,신도리코,33850,3412
A061970,LB세미콘,8520,3730
A002310,아세아제지,34650,3103
A001880,DL건설,13750,3032
A003570,SNT다이내믹스,8660,2880
A016800,퍼시스,29600,3404
A078130,국일제지,800,1021
A122900,아이마켓코리아,9990,3340
A336570,원텍,6500,5715
A281820,케이씨텍,19750,4120
A310210,보로노이,50900,6438
A090710,휴림로봇,2165,3546
A038540,상상인,5080,2811
A012630,HDC,6900,4122
A016590,신대양제지,86300,3478
A206560,덱스터,11080,2815
A007810,코리아써키트,15680,3977
A017940,E1,47850,3283
A047920,HLB제약,15230,4256
A003610,방림,7380,3123
A140410,메지온,19570,5233
A002150,도화엔지니어링,8320,2806
A136510,스마트솔루션즈,11600,5438
A001390,KG케미칼,44700,6198
A033500,동성화인텍,10990,3271
A360070,탑머티리얼,67100,5357
A006740,영풍제지,28600,6376
A075580,세진중공업,6420,3650
A068400,SK렌터카,7780,3679
A050890,쏠리드,5450,3337
A007570,일양약품,18160,3552
A213500,한솔제지,11630,2768
A102710,이엔에프테크놀로지,22950,3279
A101160,월덱스,23600,3897
A008350,남선알미늄,2435,3221
A115390,락앤락,5970,2997
A048550,SM C&C,3280,3139
A115450,HLB테라퓨틱스,5500,3832
A143240,사람인에이치알,24400,2849
A204270,제이앤티씨,8070,4668
A001510,SK증권,716,3492
A013120,동원개발,3515,3192
A016580,환인제약,16600,3088
A281740,레이크머티리얼즈,12010,7894
A002960,한국쉘석유,230500,2997
A034950,한국기업평가,71100,3228
A071320,지역난방공사,28000,3242
A027360,아주IB투자,2400,2900
A054210,이랜텍,14170,3584
A101360,에코앤드림,43150,4925
A294570,쿠콘,31900,3271
A217330,싸이토젠,17960,3209
A001500,현대차증권,9090,2883
A126720,수산인더스트리,26250,3750
A108670,LX하우시스,35950,3413
A079370,제우스,31500,3271
A009290,광동제약,6010,3150
A084010,대한제강,13650,3364
A010690,화신,14540,5077
A020120,키다리스튜디오,8160,3017
A100120,뷰웍스,34550,3456
A000480,조선내화,8560,3424
A078590,디아크,2380,3166
A077970,STX엔진,12980,2987
A071840,롯데하이마트,11900,2809
A117580,대성에너지,8860,2437
A100130,동국S&C,5040,2880
A059090,미코,9700,3241
A013030,하이록코리아,21600,2777
A002020,코오롱,20900,2810
A089970,에이피티씨,11980,2873
A293780,압타바이오,12700,2832
A108490,로보티즈,36700,4491
A003920,남양유업,498500,4089
A095720,웅진씽크빅,3420,3950
A089600,나스미디어,23350,2461
A018310,삼목에스폼,15500,2279
A039840,디오,32000,5082
A083420,그린케미칼,11030,2647
A317330,덕산테코피아,23950,4401
A078020,이베스트투자증권,4470,2480
A002320,한진,21000,3139
A005010,휴스틸,6990,3928
A130660,한전산업,8110,2644
A001470,삼부토건,1146,2265
A000050,경방,10700,2933
A080160,모두투어,17490,3306
A063170,서울옥션,15550,2764
A000490,대동,11120,2661
A149950,아바텍,17000,2653
A382840,원준,28500,4292
A104480,티케이케미칼,2840,2581
A122450,KX,5620,2548
A002990,금호건설,6520,2474
A108230,톱텍,9350,3555
A082920,비츠로셀,17990,3899
A072710,농심홀딩스,71000,3293
A067000,조이시티,4275,2933
A048530,인트론바이오,8640,2951
A091810,티웨이항공,3340,6493
A012320,경동인베스트,140500,3323
A900140,엘브이엠씨홀딩스,1794,3078
A042420,네오위즈홀딩스,29550,2617
A226950,올릭스,23850,3276
A035890,서희건설,1313,3017
A136480,하림,3290,3494
A002030,아세아,142500,3122
A265520,AP시스템,21750,3324
A058820,CMG제약,2310,3208
A078070,유비쿼스홀딩스,14140,2644
A246710,티앤알바이오팹,15980,3387
A214870,뉴지랩파마,1383,458
A005810,풍산홀딩스,37900,3789
A023410,유진기업,3445,2663
A037070,파세코,14610,2922
A009580,무림P&P,3760,2345
A036030,케이티알파,6790,3328
A095570,AJ네트웍스,4910,2299
A024720,한국콜마홀딩스,14860,2761
A063080,컴투스홀딩스,48850,3222
A055490,테이팩스,58000,2736
A182360,큐브엔터,26250,3624
A251370,와이엠티,12620,2059
A104700,한국철강,7200,3056
A126560,현대퓨처넷,3185,3510
A054620,APS홀딩스,13900,2835
A340570,티앤엘,46250,3759
A293480,하나제약,15750,2799
A001780,알루코,3500,3149
A291230,엔피,5330,2205
A003580,HLB글로벌,6420,2720
A001940,KISCO홀딩스,21200,3429
A065350,신성델타테크,12150,3339
A271980,제일약품,20800,3059
A060280,큐렉소,10980,4414
A034810,해성산업,9780,3353
A272550,삼양패키징,18930,2989
A009680,모토닉,9420,3109
A045100,한양이엔지,14870,2677
A004980,성신양회,10640,2719
A068290,삼성출판사,23400,2340
A001630,종근당홀딩스,52000,2605
A031330,에스에이엠티,3135,3135
A004380,삼익THK,14440,3032
A330860,네패스아크,26250,3198
A086390,유니테스트,13430,2838
A030530,원익홀딩스,3790,2927
A084690,대상홀딩스,7400,2760
A099320,쎄트렉아이,39750,3612
A091580,상신이디피,26650,3632
A123860,아나패스,18000,2108
A036800,나이스정보통신,24800,2480
A045390,대아티아이,3215,2266
A001070,대한방직,52800,2798
A052400,코나아이,17420,2613
A228670,레이,37600,5364
A037270,YG PLUS,5750,3647
A126700,하이비젼시스템,18790,2808
A001200,유진투자증권,2550,2470
A048870,시너지이노베이션,3165,2618
A080420,모다이노칩,3495,2786
A263050,유틸렉스,6100,2243
A018470,조일알미늄,3455,4375
A114190,강원에너지,33350,8712
A232140,와이아이케이,4185,3434
A002710,TCC스틸,42800,11115
A089010,켐트로닉스,26450,3930
A143160,아이디스,24250,2599
A037710,광주신세계,33100,2648
A040300,YTN,6640,2789
A053610,프로텍,27350,3009
A339770,교촌에프앤비,9320,2328
A282880,코윈테크,32500,3169
A107590,미원홀딩스,100600,2334
A371950,풍원정밀,12620,2655
A086980,쇼박스,3525,2208
A047820,초록뱀미디어,9270,2013
A004250,NPC,7060,2785
A126340,비나텍,71000,3882
A042000,카페24,10090,2270
A036530,SNT홀딩스,15300,2494
A051370,인터플렉스,10460,2440
A010580,에스엠벡셀,2325,2587
A125210,아모그린텍,18050,2978
A015230,대창단조,6840,1954
A083790,크리스탈지노믹스,3575,2529
A032620,유비케어,6390,3335
A032300,한국파마,22600,2465
A005160,동국산업,8640,4687
A298870,우리벤처파트너스,2875,2875
A041830,인바디,30400,4160
A001520,동양,1109,2728
A119860,커넥트웨이브,14260,6872
A093320,케이아이엔엑스,58800,2869
A273640,와이엠텍,23550,2582
A000020,동화약품,8770,2450
A377030,맥스트,12070,2362
A237880,클리오,21750,3931
A297890,HB솔루션,15450,2583
A298690,에어부산,3730,4351
A200880,서연이화,14130,3819
A229640,LS전선아시아,7050,2159
A035510,신세계 I&C,15750,2709
A026890,스틱인베스트먼트,6110,2547
A110790,크리스에프앤씨,20100,2355
A314130,지놈앤컴퍼니,30050,4235
A139990,아주스틸,9950,2632
A029460,케이씨,21900,2968
A321550,티움바이오,11730,2840
A025000,KPX케미칼,48350,2340
A001790,대한제당,3020,2868
A081000,일진다이아,20350,2890
A382900,범한퓨얼셀,28150,2466
A317400,자이에스앤디,6460,2505
A077360,덕산하이메탈,6160,2799
A297090,씨에스베어링,12470,3367
A225530,보광산업,7050,2562
A011040,경동제약,7550,2323
A190510,나무가,16780,2707
A003120,일성신약,155800,4144
A083930,아바코,18990,2927
A000140,하이트진로홀딩스,9460,2257
A089030,테크윙,6900,2577
A011760,현대코퍼레이션,17080,2260
A002810,삼영무역,13470,2487
A003200,일신방직,13070,3043
A058430,포스코스틸리온,46500,2790
A084110,휴온스글로벌,21000,2651
A042600,새로닉스,57700,7168
A174900,앱클론,20700,3178
A077500,유니퀘스트,10650,2913
A033160,엠케이전자,16000,3489
A288330,브릿지바이오테라퓨틱스,9600,1913
A206640,바디텍메드,12580,2955
A441270,파인엠텍,9960,3257
A220260,켐트로스,11430,3036
A023760,한국캐피탈,691,2181
A084680,이월드,1523,2160
A036560,영풍정밀,14350,2260
A088800,에이스테크,5100,2291
A078160,메디포스트,15640,2544
A352480,씨앤씨인터내셔널,37300,3735
A011280,태림포장,2810,1990
A003960,사조대림,25600,2346
A001130,대한제분,147600,2494
A096240,크레버스,18000,2078
A019680,대교,2580,2535
A092230,KPX홀딩스,54000,2281
A001460,BYC,477500,3309
A334970,프레스티지바이오로직스,5750,3514
A046440,KG모빌리언스,7050,2737
A376180,피코그램,10150,1859
A388720,유일로보틱스,33100,2840
A011700,한신기계,6980,2265
A054950,제이브이엠,18450,2231
A102260,동성케미컬,4530,2251
A052710,아모텍,17650,2580
A318020,포인트모바일,18100,2292
A017890,한국알콜,11390,2461
A241840,에이스토리,22100,2108
A234340,헥토파이낸셜,19580,1851
A043610,지니뮤직,4045,2351
A285490,노바텍,31900,3374
A220100,퓨쳐켐,8120,1795
A109610,에스와이,3290,1609
A002390,한독,16000,2202
A121440,골프존뉴딘홀딩스,5170,2215
A366030,공구우먼,9070,2051
A014280,금강공업,5450,1662
A150840,인트로메딕,5850,2237
A001250,GS글로벌,2755,2274
A083310,엘오티베큠,15320,2728
A006060,화승인더,3830,2119
A356860,티엘비,19790,1946
A151910,SBW생명과학,657,1164
A100790,미래에셋벤처투자,5850,3169
A019210,와이지-원,7300,2232
A180400,DXVX,6810,1968
A005720,넥센,4175,2347
A010170,대한광통신,2250,1677
A200670,휴메딕스,24800,2542
A044450,KSS해운,8000,1847
A067280,멀티캠퍼스,40800,2418
A114810,한솔아이원스,9150,2686
A032820,우리기술,1484,2243
A008060,대덕,6680,2383
A068930,디지털대성,6200,1787
A035080,그래디언트,15650,2430
A011810,STX,6960,1992
A262260,에이프로,16880,2438
A027710,팜스토리,1665,1855
A035150,백산,8430,1974
A018000,유니슨,1656,2024
A109860,동일금속,30450,2771
A015860,일진홀딩스,4870,2403
A131370,알서포트,4125,2197
A000430,대원강업,4175,2589
A340930,유일에너테크,18910,2035
A039440,에스티아이,12900,2042
A012700,리드코프,7460,1973
A092190,서울바이오시스,4920,1881
A005860,한일사료,4145,1633
A160550,NEW,6900,1926
A038290,마크로젠,22500,2439
A096760,JW홀딩스,3275,2375
A025320,시노펙스,2715,2094
A192440,슈피겐코리아,32150,1999
A084650,랩지노믹스,6810,2528
A216080,제테마,21050,3750
A103590,일진전기,7430,2755
A088390,이녹스,49000,4599
A036200,유니셈,8680,2662
A015890,태경산업,7300,2134
A083450,GST,26950,2511
A079430,현대리바트,7910,1624
A121800,비덴트,3320,1935
A092130,이크레더블,16190,1950
A053580,웹케시,14530,1981
A028100,동아지질,12370,1738
A006910,보성파워텍,4160,2044
A391710,코닉오토메이션,4130,1714
A094820,일진파워,16300,2458
A001340,백광산업,5290,2376
A053300,한국정보인증,5520,2306
A007160,사조산업,43050,2153
A057880,피에이치씨,1740,2067
A035290,골드앤에스,9850,4575
A214330,금호에이치티,904,1773
A067990,도이치모터스,5740,1847
A263720,디앤씨미디어,22250,2731
A049180,셀루메드,5600,2363
A123040,엠에스오토텍,5740,2515
A033340,좋은사람들,2110,2046
A200350,래몽래인,19340,1246
A038880,아이에이,649,1913
A036630,세종텔레콤,656,1771
A251970,펌텍코리아,17330,2149
A073490,이노와이어리스,28500,2167
A399720,가온칩스,29900,3435
A000540,흥국화재,3240,2155
A136490,선진,8520,2026
A039570,HDC랩스,8150,2116
A015540,쎌마테라퓨틱스,6410,4010
A014580,태경비케이,8500,2345
A270660,에브리봇,18230,2222
A000680,LS네트웍스,2430,1915
A015360,예스코홀딩스,32200,1932
A086890,이수앱지스,7060,2343
A012610,경인양행,4845,2016
A088290,이원컴포텍,6730,1634
A016450,한세예스24홀딩스,4810,1924
A023900,풍국주정,14030,1768
A252990,샘씨엔에스,5330,2673
A033310,엠투엔,5520,2227
A003060,에이프로젠바이오로직스,409,2396
A006840,AK홀딩스,20450,2709
A001270,부국증권,20000,2640
A035810,이지홀딩스,3075,2003
A122990,와이솔,7070,1993
A115960,연우,17140,2125
A146320,비씨엔씨,18540,2366
A094480,갤럭시아머니트리,6640,2605
A124560,태웅로직스,4540,1744
A007330,푸른저축은행,9600,1448
A090360,로보스타,36900,3598
A019550,SBI인베스트먼트,1140,1848
A002100,경농,10240,1999
A083650,비에이치아이,9400,2444
A128820,대성산업,4390,1986
A030210,다올투자증권,5710,3444
A094170,동운아나텍,8120,1475
A067080,대화제약,9810,1826
A011500,한농화성,18900,2955
A014160,대영포장,1404,1522
A194370,제이에스코퍼레이션,14170,1890
A234080,JW생명과학,12030,1905
A002780,진흥기업,1290,1963
A200710,에이디테크놀로지,20500,2752
A044340,위닉스,10750,1921
A016610,DB금융투자,4160,1766
A052260,현대바이오랜드,13070,1961
A031440,신세계푸드,45100,1746
A009410,태영건설,3760,1537
A085670,뉴프렉스,7080,1714
A005680,삼영전자,9480,1896
A950190,미투젠,13390,1818
A007860,서연,8630,2026
A105840,우진,10210,2075
A228760,지노믹트리,13840,2936
A216050,인크로스,15880,2040
A023450,동남합성,41850,1465
A001360,삼성제약,2940,1975
A078350,한양디지텍,12060,1838
A069920,아이에스이커머스,4270,1103
A100250,진양홀딩스,3275,1831
A018290,브이티지엠피,6560,2262
A362320,청담글로벌,10310,2119
A000700,유수홀딩스,6830,1779
A194700,노바렉스,9280,1740
A033100,제룡전기,15630,2511
A101530,해태제과식품,5990,1744
A348150,고바이오랩,19680,3519
A064290,인텍플러스,22000,2807
A048910,대원미디어,16130,2029
A138610,나이벡,18350,1827
A004970,신라교역,10550,1688
A394280,오픈엣지테크놀로지,17850,3777
A171090,선익시스템,35700,3310
A900290,GRT,3445,2321
A047310,파워로직스,6280,2162
A363260,모비데이즈,925,1480
A041590,플래스크,1298,1685
A205500,액션스퀘어,2735,1271
A023910,대한약품,28800,1728
A276040,스코넥,13300,1657
A267850,아시아나IDT,14850,1648
A004710,한솔테크닉스,6140,1972
A005960,동부건설,7300,1741
A228850,레이언스,12380,2054
A019440,세아특수강,18540,1589
A006490,인스코비,1346,1513
A376190,LB루셈,8090,1990
A236200,슈프리마,23250,1672
A136540,윈스,12940,1794
A041930,동아화성,10460,1653
A089890,코세스,11440,1897
A054450,텔레칩스,16880,2339
A079980,휴비스,5280,1822
A023600,삼보판지,10010,1619
A044490,태웅,13780,2757
A102120,어보브반도체,11270,2004
A042370,비츠로테크,7470,1957
A214180,헥토이노베이션,13210,1751
A049950,미래컴퍼니,37700,3237
A388050,지투파워,13730,2501
A111710,남화산업,7680,1581
A004560,현대비앤지스틸,19110,2944
A353590,오토앤,12140,1563
A207760,미스터블루,3070,2293
A091090,세원이앤씨,254,548
A002210,동성제약,6080,1587
A070960,용평리조트,3085,1485
A017550,수산중공업,2690,1452
A013580,계룡건설,17600,1572
A138080,오이솔루션,18200,1934
A115160,휴맥스,4300,1891
A087010,펩트론,7930,1636
A161580,필옵틱스,10120,2225
A036190,금화피에스시,29650,1779
A060590,씨티씨바이오,10360,2505
A277880,티에스아이,11710,2360
A137950,제이씨케미칼,7560,1683
A361390,제노코,22800,1710
A211270,AP위성,20050,3024
A067290,JW신약,3280,1588
A000390,삼화페인트,6310,1717
A123420,위메이드플레이,15250,1749
A148150,세경하이테크,17140,2020
A288620,에스퓨얼셀,21850,1502
A092070,디엔에프,17380,2011
A009270,신원,1488,1526
A060560,홈센타홀딩스,1388,1772
A031980,피에스케이홀딩스,9910,2137
A311690,CJ 바이오사이언스,45350,2666
A006620,동구바이오제약,6570,1870
A074430,아미노로직스,1907,1675
A012030,DB,2470,4969
A090350,노루페인트,8500,1767
A282690,동아타이어,11900,1634
A357580,아모센스,16990,1903
A000970,한국주철관,7190,1639
A036710,심텍홀딩스,3075,1487
A370090,퓨런티어,21400,1751
A037440,희림,9570,1332
A122350,삼기,3415,1309
A054780,키이스트,8750,1710
A100840,SNT에너지,19810,1487
A397030,에이프릴바이오,26000,2759
A040910,아이씨디,12020,2198
A267290,경동도시가스,21950,1294
A060570,드림어스컴퍼니,3505,1993
A038390,레드캡투어,18150,1559
A138580,비즈니스온,10350,2335
A067900,와이엔텍,8210,1494
A033530,세종공업,6790,1889
A063570,한국전자금융,5110,1745
A094280,효성ITX,13060,1510
A274090,켄코아에어로스페이스,18150,2276
A365270,큐라클,11520,1595
A002620,제일파마홀딩스,12230,1954
A056080,유진로봇,6520,2446
A026150,특수건설,8020,1407
A053590,한국테크놀로지,334,525
A258830,세종메디칼,4115,2272
A171120,라이온켐텍,7510,1419
A214260,라파스,25400,2189
A065680,우주일렉트로,13570,1320
A061040,알에프텍,5010,1608
A144960,뉴파워프라즈마,5170,2259
A126600,BGF에코머티리얼즈,8870,2620
A092200,디아이씨,5020,1952
A245620,EDGC,2145,1803
A024090,디씨엠,14230,1622
A041440,현대에버다임,7680,1376
A382480,지아이텍,4555,1793
A013570,디와이,6150,1619
A066980,이엔코퍼레이션,2985,1492
A039560,다산네트웍스,3850,1521
A244460,올리패스,4600,1384
A050110,캠시스,1818,1342
A049720,고려신용정보,9820,1404
A306040,에스제이그룹,14500,1431
A002170,삼양통상,51000,1530
A082850,우리바이오,3140,1511
A003830,대한화섬,120700,1603
A078150,HB테크놀러지,2700,2133
A122640,예스티,10150,1832
A065450,빅텍,5250,1504
A064240,홈캐스트,4315,1512
A001080,만호제강,54000,2241
A335890,비올,5150,3004
A138360,협진,1400,485
A004310,현대약품,5240,1677
A304840,피플바이오,13560,1628
A353810,이지바이오,3760,1286
A270520,지엔원에너지,16180,6419
A259630,엠플러스,12330,1514
A166480,코아스템켐온,8550,2810
A300080,플리토,24750,1295
A079810,디이엔티,19030,3045
A347860,알체라,12000,2586
A064820,케이프,3695,1142
A248170,샘표식품,29400,1343
A036010,아비코전자,12810,1703
A306620,네온테크,3550,1480
A253840,수젠텍,9320,1516
A092730,네오팜,18060,1482
A337930,브랜드엑스코퍼레이션,4960,1452
A357230,에이치피오,7940,1583
A003160,디아이,7930,2244
A009070,KCTC,4255,1277
A308170,센트랄모텍,17940,1545
A241790,오션브릿지,14400,1440
A109070,컨버즈,4100,1509
A007210,벽산,2230,1529
A126880,제이엔케이히터,6600,1532
A372910,한컴라이프케어,5180,1434
A033180,KH 필룩스,442,843
A251120,바이오에프디엔씨,16390,1425
A214390,경보제약,7250,1733
A065560,녹원씨엔아이,5770,1504
A013360,일성건설,2235,1207
A348340,뉴로메카,36050,3764
A051360,토비스,11010,1808
A210540,디와이파워,12000,1325
A183490,엔지켐생명과학,2180,1854
A084730,팅크웨어,15090,1676
A043370,피에이치에이,8430,1770
A045970,코아시아,10890,2866
A058970,엠로,51700,5797
A094360,칩스앤미디어,21850,2106
A052330,코텍,9640,1501
A129920,대성하이텍,13140,1802
A195990,에이비프로바이오,635,1738
A264450,유비쿼스,13850,1419
A203650,드림시큐리티,3215,1627
A082800,비보존 제약,999,2408
A053050,지에스이,3325,997
A036580,팜스코,3700,1359
A294140,레몬,9030,3341
A057680,티사이언티픽,3075,1705
A000440,중앙에너비스,19800,1233
A061250,화일약품,2270,1510
A109740,디에스케이,5550,1500
A322310,오로스테크놀로지,18200,1705
A079940,가비아,11800,1597
A008700,아남전자,2340,1805
A290550,디케이티,10090,1666
A033920,무학,5620,1602
A008040,사조동아원,1021,1441
A018120,진로발효,18930,1253
A308080,바이젠셀,7890,1500
A058630,엠게임,9340,1825
A093190,빅솔론,6480,1247
A004090,한국석유,10810,1372
A215360,우리산업,17280,1578
A159010,아스플로,14300,1907
A054050,농우바이오,8950,1435
A302430,이노메트리,15240,1499
A065660,안트로젠,23200,2258
A053260,금강철강,7470,1398
A004080,신흥,14450,1373
A134380,미원화학,63000,1386
A000180,성창기업지주,2045,1426
A004140,동방,2425,1163
A046120,오르비텍,4555,1233
A037460,삼지전자,9290,1516
A357550,석경에이티,49200,2684
A021080,에이티넘인베스트,2845,1366
A004150,한솔홀딩스,3210,1348
A076080,웰크론한텍,5990,1353
A063440,SM Life Design,2230,1026
A051160,지어소프트,7840,1213
A036620,감성코퍼레이션,2630,2356
A086670,비엠티,15050,1373
A008260,NI스틸,7150,2045
A361570,알비더블유,14600,1411
A093520,매커스,10200,1649
A073640,테라사이언스,4035,3697
A373200,하인크코리아,5740,1086
A311320,지오엘리먼트,11030,1391
A120030,조선선재,99600,1253
A000320,노루홀딩스,10150,1403
A160980,싸이맥스,13990,1528
A290720,푸드나무,8170,1095
A090850,현대이지웰,6510,1546
A010820,퍼스텍,3480,1673
A000860,강남제비스코,26400,1716
A201490,미투온,4010,1253
A049080,기가레인,1923,1632
A204620,글로벌텍스프리,4095,2247
A377450,리파인,8120,1407
A217600,켐온,0,0
A352700,씨앤투스,4685,1278
A405100,큐알티,12960,1549
A299660,셀리드,10850,1056
A365590,하이딥,2590,3560
A036120,SCI평가정보,4045,1436
A396300,세아메카닉스,8060,2135
A205100,엑셈,4355,1584
A072870,메가스터디,11510,1372
A086960,MDS테크,2835,2351
A078520,에이블씨엔씨,8460,2287
A002700,신일전자,2070,1471
A071970,STX중공업,6060,1730
A119830,아이텍,8840,1895
A007540,샘표,52200,1501
A053280,예스24,5260,1315
A102370,케이옥션,5250,1427
A239890,피엔에이치테크,22400,2062
A378800,샤페론,6380,1447
A052420,오성첨단소재,1754,1219
A263700,케어랩스,7840,1437
A065530,와이어블,2310,1221
A332570,와이팜,2805,1047
A214430,아이쓰리시스템,20800,1478
A396270,넥스트칩,11440,2015
A241820,피씨엘,11020,1318
A347890,엠투아이,10720,1801
A066700,테라젠이텍스,5600,1819
A066620,국보디자인,18110,1358
A071280,로체시스템즈,8950,1369
A083470,이엠앤아이,4550,958
A003460,유화증권,2365,1760
A094850,참좋은여행,10150,1421
A080220,제주반도체,5300,1825
A023800,인지컨트롤스,9320,1473
A089470,HDC현대EP,4730,1509
A256940,케이피에스,10130,1899
A067570,엔브이에이치코리아,3990,1310
A159580,제로투세븐,8160,1635
A054800,아이디스홀딩스,13970,1446
A003560,IHQ,239,579
A419080,엔젯,26500,2787
A032560,황금에스티,9470,1610
A389140,포바이포,15150,1594
A017900,광전자,2300,1333
A095190,이엠코리아,2865,1220
A238090,앤디포스,2770,664
A090470,제이스텍,9770,1585
A257720,실리콘투,2915,1754
A054930,유신,34000,1020
A156100,엘앤케이바이오,7790,1044
A234300,에스트래픽,4730,1236
A215100,로보로보,6270,1276
A155650,와이엠씨,6730,1311
A261780,차백신연구소,6260,1654
A068790,DMS,6780,1666
A014530,극동유화,3705,1292
A039340,한국경제TV,5600,1288
A187420,제노포커스,5330,1201
A348350,위드텍,12470,1270
A002460,화성산업,10120,1027
A219130,타이거일렉,25000,1579
A417970,모델솔루션,24100,1542
A112290,영창케미칼,14430,1459
A067390,아스트,4185,1766
A025950,동신건설,12780,1074
A006890,태경케미컬,14380,1668
A253590,네오셈,3395,1306
A034590,인천도시가스,26000,1137
A054670,대한뉴팜,9290,1334
A267320,나인테크,3675,1448
A263600,덕우전자,12670,2018
A123690,한국화장품,7580,1218
A039860,나노엔텍,5820,1560
A063160,종근당바이오,28850,1583
A065510,휴비츠,13100,1558
A185490,아이진,5100,1095
A003650,미창석유,66900,1164
A289080,SV인베스트먼트,2475,1318
A007280,한국특강,2020,1224
A333620,엔시스,13190,1392
A100700,세운메디칼,2890,1266
A014990,인디에프,1029,728
A310200,애니플러스,4215,1845
A200230,텔콘RF제약,1157,1294
A376980,원티드랩,14450,1365
A053080,원방테크,10830,1408
A008970,동양철관,1075,1278
A021320,KCC건설,5970,1278
A200470,에이팩트,3105,1315
A005430,한국공항,41200,1305
A060370,KT서브마린,6420,1665
A142760,비엘,5000,1572
A950200,소마젠,8320,1598
A203400,에이비온,10000,1885
A024880,케이피에프,6660,1331
A241520,DSC인베스트먼트,4000,1112
A044060,조광ILI,785,751
A073560,우리손에프앤지,1813,1255
A046140,SBS콘텐츠허브,7680,1648
A128540,에코캡,4850,1294
A003480,한진중공업홀딩스,4025,1189
A256630,포인트엔지니어링,2115,1227
A139670,키네마스터,7390,1021
A043650,국순당,6750,1205
A108860,셀바스AI,21450,4828
A232680,라온테크,11900,1488
A005990,매일홀딩스,8580,1177
A047400,유니온머티리얼,3420,1436
A136410,아셈스,12710,1401
A186230,그린플러스,10670,1155
A405000,플라즈맵,6120,1123
A007820,에스엠코어,7830,1569
A314930,바이오다인,32000,1974
A261200,덴티스,9450,1395
A027050,코리아나,3080,1232
A265560,영화테크,12320,1317
A058400,KNN,930,1232
A120240,대정화금,16950,1219
A140670,알에스오토메이션,16310,1517
A215090,휴센텍,1505,1208
A010040,한국내화,3115,1279
A079960,동양이엔피,17300,1360
A115180,큐리언트,11500,1399
A101930,인화정공,10260,957
A317850,대모,12520,1042
A348030,모비릭스,11310,1086
A046390,삼화네트웍스,3575,1543
A241770,메카로,11590,1181
A204610,티쓰리,2110,1391
A148930,에이치와이티씨,11090,1120
A130580,나이스디앤비,6950,1070
A027830,대성창투,2250,900
A012800,대창,1551,1414
A263690,디알젬,11800,1336
A060900,대한그린파워,575,1175
A108380,대양전기공업,11000,1052
A014940,오리엔탈정공,3100,1413
A199820,제일전기공업,12000,1333
A099750,이지케어텍,26400,1804
A004960,한신공영,8130,941
A368600,아이씨에이치,6960,1183
A402030,코난테크놀로지,90500,5141
A001750,한양증권,9180,1236
A040420,정상제이엘에스,7150,1121
A002450,삼익악기,1226,1110
A008110,대동전자,8370,878
A104540,코렌텍,11860,1465
A333430,일승,2990,919
A072020,중앙백신,10830,1079
A153710,옵티팜,8440,1238
A025550,한국선재,4395,1051
A068050,팬엔터테인먼트,5640,1562
A001540,안국약품,8350,1089
A002200,한국수출포장,35200,1408
A002600,조흥,209500,1257
A000500,가온전선,17000,1081
A043090,엑서지21,1486,738
A071200,인피니트헬스케어,5640,1376
A175250,아이큐어,3485,1309
A038110,에코플라스틱,7010,2395
A067370,선바이오,10120,1246
A004910,조광페인트,7710,987
A002410,범양건영,2910,723
A009200,무림페이퍼,2530,1053
A226330,신테카바이오,8540,1155
A244920,에이플러스에셋,4915,1111
A099220,SDN,2200,1236
A389500,에스비비테크,60300,3723
A060310,3S,2300,1116
A234690,녹십자웰빙,8020,1424
A005710,대원산업,6500,1302
A091590,남화토건,8990,1055
A046210,파나진,3995,1284
A352770,클리노믹스,10150,1382
A053700,삼보모터스,6310,1220
A950170,JTC,4210,2117
A023000,삼원강재,3100,1240
A048430,유라테크,8300,956
A049960,쎌바이오텍,15260,1434
A122310,제노레이,7930,1154
A014470,부방,2910,1748
A033830,티비씨,1070,1070
A284620,카이노스메드,6520,1821
A142280,녹십자엠에스,5720,1208
A105740,디케이락,11150,1021
A014790,HL D&I,2520,954
A004540,깨끗한나라,2880,1137
A049550,잉크테크,4600,902
A013990,아가방컴퍼니,3715,1222
A173130,오파스넷,13750,1631
A217730,강스템바이오텍,3335,1265
A093920,서원인텍,6590,1226
A086040,바이오톡스텍,9690,1421
A012690,모나리자,2910,1064
A067830,세이브존I&C,2835,1164
A009190,대양금속,4270,1425
A168330,내츄럴엔도텍,3090,981
A004060,SG세계물산,524,1061
A255440,야스,12620,1648
A004720,팜젠사이언스,6960,1102
A066410,버킷스튜디오,1153,970
A377220,프롬바이오,7430,1052
A214270,FSN,3815,1269
A056700,신화인터텍,3080,897
A140070,서플러스글로벌,4280,1583
A354200,엔젠바이오,8390,1059
A225190,삼양옵틱스,10880,1104
A024890,대원화성,2615,1079
A056730,CNT85,1621,613
A054920,한컴위드,4840,1366
A047560,이스트소프트,10570,1203
A110990,디아이티,8690,1642
A033170,시그네틱스,1487,1275
A105330,케이엔더블유,13600,1650
A352910,오비고,12980,1579
A189980,흥국에프엔비,2630,1056
A011370,서한,1060,1069
A011320,유니크,6480,1252
A158430,아톤,21800,951
A006370,대구백화점,9670,1046
A058730,다스코,4620,896
A163730,핑거,13880,1294
A014200,광림,1006,913
A301300,바이브컴퍼니,12760,784
A191420,테고사이언스,14430,1170
A192410,휴림네트웍스,719,782
A029480,광무,4730,1923
A011690,와이투솔루션,1425,2359
A150900,파수,7940,924
A016250,SGC이테크건설,24950,835
A264900,크라운제과,8360,1132
A000300,대유플러스,915,1107
A322780,코퍼스코리아,2710,1028
A187870,디바이스이엔지,18530,1304
A038070,서린바이오,12860,1093
A087260,모바일어플라이언스,3440,1120
A090410,덕신하우징,1874,864
A016090,대현,2240,992
A013310,아진산업,3915,1519
A389470,인벤티지랩,10700,895
A000220,유유제약,6340,1292
A004650,창해에탄올,10890,1001
A019010,베뉴지,2165,1044
A017040,광명전기,2690,1166
A002360,SH에너지화학,809,899
A239610,에이치엘사이언스,21200,1143
A000520,삼일제약,7750,1063
A002140,고려산업,3690,920
A141000,비아트론,10580,1282
A288980,모아데이타,4305,1411
A051490,나라엠앤디,8370,1189
A419120,산돌,13570,1041
A105550,트루윈,2315,1026
A081150,티플랙스,4345,1054
A377330,이지트로닉스,12970,1050
A005800,신영와코루,11250,1013
A066590,우수AMS,3555,1389
A036670,KCI,9600,1082
A009470,삼화전기,16220,1073
A078890,가온미디어,8480,1395
A214610,미코바이오메드,8710,1595
A264660,씨앤지하이테크,13200,1129
A025820,이구산업,4945,1654
A093230,이아이디,2145,2676
A096040,이트론,254,1628
A001260,남광토건,9480,932
A054180,메디콕스,1555,407
A092440,기신정기,3460,1010
A012860,모베이스전자,1789,1310
A192250,케이사인,1638,1158
A318010,팜스빌,9380,744
A010960,삼호개발,3530,883
A155660,DSR,5350,856
A009780,엠에스씨,5550,977
A039290,인포뱅크,15080,1311
A131030,옵투스제약,6110,987
A009300,삼아제약,16520,1052
A042520,한스바이오메드,15860,1922
A003350,한국화장품제조,28150,1276
A163560,동일고무벨트,6250,869
A380440,엔에이치스팩19호,1990,1021
A005740,크라운해태홀딩스,6350,1008
A035000,지투알,6470,1072
A089530,에이티세미콘,963,696
A900250,크리스탈신소재,1589,1524
A241690,유니테크노,4895,1224
A314140,알피바이오,13300,1153
A043220,티에스넥스젠,885,955
A065710,서호전기,18970,977
A102280,쌍방울,259,680
A208640,썸에이지,590,822
A290090,트윔,14960,1101
A330350,위더스제약,8340,1100
A236810,엔비티,5650,959
A024950,삼천리자전거,7340,974
A272110,케이엔제이,18650,1482
A023460,CNH,2110,785
A327260,RF머트리얼즈,14270,1189
A137080,나래나노텍,10840,1199
A089850,유비벨록스,13080,975
A019590,엠벤처투자,836,883
A101170,우림피티에스,7820,1056
A227840,현대코퍼레이션홀딩스,11380,1036
A007680,대원,7170,964
A234100,폴라리스세원,2465,1207
A260930,씨티케이,6070,1174
A092300,현우산업,5940,1109
A303530,이노뎁,15360,1127
A058850,KTcs,3725,1590
A019990,에너토크,10060,981
A011150,CJ씨푸드,3135,1176
A251630,브이원텍,8960,1359
A307930,컴퍼니케이,6490,1013
A104620,노랑풍선,8060,1277
A072470,우리산업홀딩스,4585,866
A013870,지엠비코리아,5210,994
A347000,센코,13750,1135
A020710,시공테크,4435,889
A092460,한라IMS,6280,1106
A196490,디에이테크놀로지,4360,1168
A049430,코메론,9630,871
A092870,엑시콘,10410,1129
A082210,옵트론텍,3060,749
A075180,새론오토모티브,4865,934
A016880,웅진,1635,1307
A035610,솔본,4835,1322
A041460,한국전자인증,5380,1022
A276730,제주맥주,1698,976
A025440,DH오토웨어,614,875
A066670,디스플레이텍,7970,1490
A043910,자연과환경,1105,899
A018700,바른손,2600,913
A425420,티에프이,10590,1205
A164060,이루다,6540,1229
A123570,이엠넷,4340,967
A269620,시스웍,889,965
A032850,비트컴퓨터,6410,1066
A071670,에이테크솔루션,12340,1234
A222810,세토피아,2800,1798
A170030,현대공업,8580,1316
A950110,SBI핀테크솔루션즈,5110,1229
A377460,위니아에이드,6280,967
A100590,머큐리,6120,926
A025750,한솔홈데코,1105,890
A217500,러셀,4220,1342
A007110,일신석재,1290,999
A290520,신도기연,7270,1158
A159910,스킨앤스킨,180,637
A009460,한창제지,1428,852
A260660,알리코제약,7230,1108
A040350,큐로컴,641,807
A012200,계양전기,2440,724
A086820,바이오솔루션,14230,1159
A300120,라온피플,7780,1617
A052790,액토즈소프트,7340,832
A039830,오로라,8120,874
A012790,신일제약,8320,960
A084180,수성샐바시온,822,605
A204630,스튜디오산타클로스,750,488
A218150,미래생명자원,4125,821
A900280,골든센츄리,255,524
A011330,유니켐,1445,1109
A347740,피엔케이피부임상연구센타,3580,1074
A225220,제놀루션,13130,1291
A109820,진매트릭스,5640,1150
A001290,상상인증권,759,822
A198440,고려시멘트,2675,855
A214420,토니모리,4535,1091
A072770,율호,2545,1405
A066310,큐에스아이,10780,999
A097780,에스맥,1747,937
A011390,부산산업,74500,787
A024060,흥구석유,5790,869
A010470,오리콤,19450,2329
A003310,대주산업,2175,770
A000890,보해양조,615,856
A006340,대원전선,1175,914
A009810,플레이그램,1035,1233
A017180,명문제약,2760,937
A003010,혜인,6750,858
A104200,NHN벅스,6720,996
A058860,KTis,3530,1229
A239340,줌인터넷,3960,1068
A039240,경남스틸,3325,897
A065950,웰크론,2975,840
A013700,까뮤이앤씨,1603,724
A024900,덕양산업,4350,1417
A069510,에스텍,8500,927
A226440,한송네오텍,1530,904
A069640,한세엠케이,2630,792
A041910,에스텍파마,8380,997
A010660,화천기계,2840,625
A258610,케일럼,3185,705
A042510,라온시큐어,2440,943
A129260,인터지스,2610,776
A263800,데이타솔루션,7040,1141
A247660,나노씨엠에스,15780,685
A339950,아이비김영,2065,928
A117730,티로보틱스,15660,2357
A002760,보락,1721,1031
A222040,코스맥스엔비티,4290,885
A170920,엘티씨,13050,1088
A003720,삼영화학,3595,1222
A005870,휴니드,7270,1026
A304100,솔트룩스,26300,2948
A006140,피제이전자,6770,1016
A071090,하이스틸,4710,951
A367000,플래티어,13850,1151
A002720,국제약품,4725,954
A067170,오텍,5410,833
A036640,HRS,6530,1068
A053980,오상자이엘,5440,965
A024810,이화전기,909,1256
A059120,아진엑스텍,10500,1024
A052220,iMBC,3820,879
A170790,파이오링크,14460,991
A001840,이화공영,3710,735
A006380,카프로,649,260
A007590,동방아그로,6410,873
A039020,이건홀딩스,3215,726
A171010,램테크놀러지,6550,906
A119650,KC코트렐,2750,952
A023440,제이스코홀딩스,4760,1952
A033200,모아텍,5430,778
A100660,서암기계공업,5750,725
A010100,한국프랜지,3070,935
A064800,젬백스링크,1486,1244
A382800,지앤비에스 에코,19420,1446
A241710,코스메카코리아,9780,1045
A002220,한일철강,3130,836
A023350,한국종합기술,6860,751
A128660,피제이메탈,4575,1135
A006580,대양제지,3260,875
A004840,DRB동일,4610,919
A080000,에스엔유,4295,1474
A032540,TJ미디어,7100,989
A012340,뉴인텍,2615,787
A290380,대유,2330,576
A065130,탑엔지니어링,5720,914
A149980,하이로닉,7090,1087
A950140,잉글우드랩,4610,916
A014190,원익큐브,2000,708
A007980,태평양물산,1634,795
A008250,이건산업,8260,905
A351330,이삭엔지니어링,11720,971
A024740,한일단조,2745,864
A000650,천일고속,54000,772
A330730,스톤브릿지벤처스,4825,871
A134790,시디즈,38150,763
A006660,삼성공조,11900,967
A010600,웰바이오텍,1563,1038
A004770,써니전자,2320,808
A263860,지니언스,11130,1051
A016740,두올,3115,1030
A291810,핀텔,7200,778
A173940,에프엔씨엔터,5550,847
A160600,이큐셀,3100,969
A001560,제일연마,11130,1113
A049480,오픈베이스,3160,993
A042110,에스씨디,2170,1049
A033130,디지틀조선,2210,820
A031860,엔에스엔,1121,970
A013520,화승코퍼레이션,2150,1076
A263540,어스앤에어로스페이스,5950,624
A069460,대호에이엘,1645,918
A015590,큐로,487,1126
A369370,블리츠웨이,2045,869
A078000,텔코웨어,9170,890
A312610,에이에프더블류,4090,829
A417500,제이아이테크,17970,1473
A114840,아이패밀리에스씨,18710,1591
A037230,한국팩키지,2690,802
A003780,진양산업,6700,871
A014970,삼륭물산,4950,749
A060240,룽투코리아,2490,633
A027580,상보,1679,994
A270870,뉴트리,8810,811
A014710,사조씨푸드,5250,904
A006880,신송홀딩스,7000,828
A115440,우리넷,8750,941
A044960,이글벳,5680,718
A000950,전방,39550,664
A031820,콤텍시스템,809,979
A041920,메디아나,4830,773
A089140,넥스턴바이오,2605,1019
A002880,대유에이텍,682,791
A009180,한솔로지스틱스,3195,878
A069730,DSR제강,5650,814
A014570,고려제약,7160,788
A038680,에스넷,5100,932
A060230,소니드,5650,1759
A013720,CBI,305,899
A193250,와이제이엠게임즈,1192,685
A208340,파멥신,3135,805
A078140,대봉엘에스,7760,860
A004830,덕성,4910,854
A004270,남성,2230,808
A357880,비트나인,9300,970
A044820,코스맥스비티아이,8570,823
A004410,서울식품,208,830
A317690,퀀타매트릭스,5630,928
A015710,코콤,5960,1045
A053450,세코닉스,6520,964
A027740,마니커,1392,884
A097800,윈팩,1646,981
A142210,유니트론텍,4515,851
A214680,디알텍,2085,1310
A004440,삼일씨엔에스,5170,658
A227950,엔투텍,1407,1411
A017650,대림제지,8650,779
A050960,수산아이앤티,11580,782
A101330,모베이스,4295,1029
A021820,세원정공,7360,736
A368770,파이버프로,3235,1063
A069540,라이트론,3420,891
A168360,펨트론,12350,1315
A000910,유니온,7320,1143
A049830,승일,11830,725
A378850,화승알앤에이,4355,827
A001550,조비,15930,827
A111110,호전실업,8050,785
A007370,진양제약,6100,732
A049800,우진플라임,3725,745
A047080,한빛소프트,3140,779
A106190,하이텍팜,12990,921
A004450,삼화왕관,37500,808
A057540,옴니시스템,1863,865
A317830,에스피시스템스,15150,1391
A123410,코리아에프티,3105,864
A022220,TKG애강,1490,772
A019660,글로본,1730,602
A206400,베노홀딩스,5010,1445
A011560,세보엠이씨,9480,998
A264850,이랜시스,2880,851
A037330,인지디스플레,2045,897
A054090,삼진엘앤디,3115,777
A001140,국보,618,656
A010240,흥국,6350,782
A222420,쎄노텍,2230,981
A293580,나우IB,14860,1423
A143210,핸즈코퍼레이션,2890,632
A321260,프로이천,2915,822
A376290,씨유테크,4450,786
A017480,삼현철강,5320,835
A037950,엘컴텍,2030,1714
A002800,신신제약,5120,777
A086710,선진뷰티사이언스,6870,838
A065440,이루온,2445,667
A228340,동양파일,3335,667
A338220,뷰노,22400,2554
A009320,대우부품,1510,719
A085310,엔케이,968,774
A090080,평화산업,1309,719
A030350,드래곤플라이,761,515
A001380,SG글로벌,1230,553
A090370,메타랩스,2785,694
A024910,경창산업,2400,860
A115310,인포바인,30800,983
A024800,유성티엔에스,2475,917
A177350,베셀,4635,610
A347770,핌스,15090,1180
A016600,큐캐피탈,418,745
A100220,비상교육,5880,764
A250000,보라티알,10740,725
A008420,문배철강,3860,791
A002920,유성기업,2955,767
A037350,성도이엔지,4500,696
A068330,일신바이오,2225,984
A033230,인성정보,2465,967
A389030,지니너스,2550,832
A002630,오리엔트바이오,652,773
A007720,대명소노시즌,715,721
A351320,에스에이티이엔지,4270,940
A072520,제넨바이오,1299,597
A106080,하이소닉,8390,1240
A124500,아이티센,4615,921
A012160,영흥,760,770
A131400,이브이첨단소재,8150,3926
A089790,제이티,8780,906
A066130,하츠,6270,803
A026940,부국철강,3525,705
A056090,이노시스,1180,931
A123010,아이윈플러스,2770,881
A007770,한일화학,24450,858
A234920,자이글,23800,3220
A006090,사조오양,7780,733
A064850,에프앤가이드,7400,894
A012170,아센디오,693,586
A041020,폴라리스오피스,2485,1217
A145210,다이나믹디자인,8360,1179
A088130,동아엘텍,9350,997
A027970,세하,1203,692
A302550,리메드,14510,889
A014440,영보화학,3685,737
A096690,에이루트,593,955
A095910,에스에너지,3140,612
A083640,인콘,962,558
A093640,케이알엠,9110,2661
A043260,성호전자,1141,609
A129890,앱코,5410,548
A006980,우성,24000,742
A217480,에스디생명공학,349,149
A023810,인팩,10790,1079
A065370,위세아이텍,17300,1277
A376930,노을,8500,974
A032790,엠젠솔루션,3260,1017
A010770,평화홀딩스,3710,543
A109080,옵티시스,14140,797
A038010,제일테크노스,8600,774
A013810,스페코,4265,625
A097870,효성오앤비,7990,678
A900100,애머릿지,1899,658
A265740,엔에프씨,8440,754
A200780,비씨월드제약,7030,625
A051380,피씨디렉트,8030,616
A045660,에이텍,9390,776
A004780,대륙제관,4520,719
A034940,조아제약,2325,720
A009440,KC그린홀딩스,3930,882
A208140,정다운,2200,719
A005750,대림B&Co,3390,565
A238490,힘스,7020,794
A000590,CS홀딩스,58800,679
A238200,비피도,9230,755
A037370,EG,17290,1491
A036090,위지트,815,839
A053620,태양,8010,689
A003080,성보화학,3180,637
A034300,신세계건설,19190,768
A053270,구영테크,3260,860
A000850,화천기공,39050,859
A075970,동국알앤에스,4210,775
A307180,아이엘사이언스,3535,837
A263770,유에스티,4435,1051
A024940,PN풍년,6670,667
A083500,에프엔에스테크,9670,821
A262840,아이퀘스트,7280,718
A087600,픽셀플러스,8350,682
A335810,프리시젼바이오,5900,684
A340440,세림B&G,2980,846
A088910,동우팜투테이블,3060,790
A257370,명성티엔에스,9210,712
A311390,네오크레마,7920,636
A139050,시티랩스,420,446
A085910,네오티스,4555,630
A121850,코이즈,3000,918
A123700,SJM,3800,593
A101240,씨큐브,6030,611
A056360,코위버,7160,701
A052300,초록뱀컴퍼니,469,556
A148250,알엔투테크놀로지,8450,646
A377480,마음AI,24800,1511
A053290,NE능률,4650,768
A020760,일진디스플,1295,667
A211050,인카금융서비스,10440,1073
A033320,제이씨현시스템,4735,905
A036170,클라우드에어,910,558
A049520,유아이엘,3925,855
A256150,한독크린텍,8150,684
A060850,영림원소프트랩,9610,781
A004590,한국가구,4320,648
A083550,케이엠,5870,660
A038460,바이오스마트,3640,737
A054040,한국컴퓨터,4225,679
A053350,이니텍,4555,901
A290120,대유에이피,5540,657
A065170,비엘팜텍,780,694
A246690,TS인베스트먼트,1818,717
A122690,서진오토모티브,4000,842
A050120,ES큐브,4600,624
A383930,디티앤씨알오,5650,717
A002230,피에스텍,4465,865
A033560,블루콤,4370,747
A047770,코데즈컴바인,2080,787
A005320,국동,1311,752
A033540,파라텍,809,592
A109960,에이프로젠 H&G,1403,501
A041650,상신브레이크,3220,691
A046940,우원개발,3315,599
A008830,대동기어,6650,598
A035620,바른손이앤에이,920,685
A052900,KX하이텍,1452,800
A096630,에스코넥,1926,1277
A052600,한네트,6190,716
A041520,이라이콤,5340,651
A042500,링네트,5100,783
A021050,서원,1410,669
A066900,디에이피,3035,690
A147830,제룡산업,3825,765
A273060,와이즈버즈,1295,653
A045520,크린앤사이언스,8760,569
A446070,유니드비티플러스,11140,1182
A005110,한창,836,664
A242040,나무기술,2395,829
A019180,티에이치엔,4010,722
A260970,에스앤디,17900,727
A089150,케이씨티,4305,738
A291650,압타머사이언스,4335,736
A189860,서전기전,6630,643
A039010,현대에이치티,7900,681
A115500,케이씨에스,8820,1058
A226360,KH 건설,319,394
A140520,대창스틸,2860,604
A219420,링크제니시스,6650,763
A094860,네오리진,520,543
A279600,미디어젠,12200,572
A133820,화인베스틸,1865,555
A223250,드림씨아이에스,11370,674
A001810,무림SP,2460,545
A189330,씨이랩,17580,1069
A032940,원익,4180,760
A009770,삼정펄프,25450,636
A127120,디엔에이링크,3320,568
A106520,노블엠앤비,411,151
A067920,이글루,6910,760
A237820,플레이디,6360,816
A032860,휴먼엔,3640,653
A085810,알티캐스트,1794,533
A133750,메가엠디,2740,641
A131100,초록뱀이앤엠,2695,756
A189690,포시에스,7310,666
A068940,셀피글로벌,778,298
A359090,씨엔알리서치,1277,694
A016670,디모아,452,460
A298060,에스씨엠생명과학,12660,1537
A095270,웨이브일렉트로,5140,770
A014130,한익스프레스,6020,722
A073010,케이에스피,1728,625
A307280,원바이오젠,1761,642
A100030,인지소프트,23200,762
A001620,케이비아이동국실업,756,758
A038870,에코바이오,4855,573
A222980,한국맥널티,5110,564
A092780,동양피스톤,4560,600
A143540,영우디에스피,1452,648
A290740,액트로,8140,819
A096350,대창솔루션,308,504
A025530,SJM홀딩스,3280,490
A040160,누리플렉스,5970,720
A008870,금비,130400,1304
A317240,TS트릴리온,545,515
A042040,케이피엠테크,768,1256
A099520,ITX-AI,2570,634
A073110,엘엠에스,8150,725
A071460,위니아,2075,746
A043340,에쎈테크,1003,722
A039420,케이엘넷,2570,621
A220180,핸디소프트,3750,728
A069110,코스온,2630,630
A037760,쎄니트,1702,576
A059270,해성티피씨,7800,782
A099390,브레인즈컴퍼니,9470,777
A008370,원풍,4590,551
A204020,그리티,2860,576
A058110,멕아이씨에스,4030,647
A076610,해성옵틱스,500,636
A099440,스맥,2450,891
A005360,모나미,3395,642
A119850,지엔씨에너지,3980,655
A114630,폴라리스우노,852,543
A090150,아이윈,1785,747
A222110,팬젠,5840,624
A094940,푸른기술,9670,809
A114450,KPX생명과학,4450,668
A126640,화신정공,1782,648
A050860,아세아텍,2710,610
A332370,아이디피,4350,577
A130500,GH신소재,3685,536
A089230,THE E&M,357,650
A335870,윙스풋,2540,391
A062860,티엘아이,5800,573
A040610,SG&G,1756,599
A094840,슈프리마에이치큐,7480,783
A057030,YBM넷,4680,763
A297570,알로이스,1706,591
A307870,비투엔,1916,597
A417840,저스템,19400,1380
A019570,리더스 기술투자,377,491
A127710,아시아경제,1749,610
A051630,진양화학,3245,513
A001020,페이퍼코리아,1047,498
A134580,탑코미디어,5840,1171
A227100,에이치앤비디자인,3515,446
A013000,세우글로벌,1531,439
A303030,지니틱스,2330,833
A178780,유테크,8650,732
A037400,우리엔터프라이즈,1737,455
A023960,에쓰씨엔지니어링,1896,592
A080520,오디텍,5650,664
A224110,에이텍모빌리티,12340,659
A023150,MH에탄올,7680,567
A017000,신원종합개발,4460,520
A203690,프로스테믹스,882,405
A212560,네오오토,6880,542
A290690,소룩스,7210,595
A017370,우신시스템,3270,599
A045060,오공,3320,562
A153490,우리이앤엘,1263,650
A006570,대림통상,3520,536
A053950,경남제약,1810,641
A336060,웨이버스,1643,775
A037030,파워넷,4320,843
A021880,메이슨캐피탈,362,551
A104040,대성파인텍,1664,521
A005670,푸드웰,5470,547
A309930,오하임아이엔티,3875,822
A072990,에이치시티,7500,538
A221980,케이디켐,13690,552
A315640,딥노이드,9610,895
A065650,메디프론,1451,683
A230980,에이트원,801,596
A900310,컬러레이,1091,699
A196450,코아시아씨엠,2595,1070
A217620,디딤이앤에프,1011,518
A080010,이상네트웍스,5700,570
A238120,얼라인드,8940,643
A004870,티웨이홀딩스,639,700
A006050,국영지앤엠,1424,497
A042940,상지카일룸,685,646
A039610,화성밸브,5710,594
A368970,오에스피,6800,636
A263920,휴엠앤씨,1146,562
A296640,이노룰스,10240,527
A277410,인산가,1828,592
A004100,태양금속,2135,911
A060540,에스에이티,2440,638
A065570,삼영이엔씨,4365,471
A419540,비스토스,2600,598
A032680,소프트센,1943,796
A412350,레이저쎌,8620,726
A255220,SG,1162,520
A011080,형지I&C,1179,301
A048770,TPC,3835,602
A016100,리더스코스메틱,3560,680
A000040,KR모터스,695,668
A299170,더블유에스아이,2150,646
A038620,위즈코프,809,538
A177830,파버나인,4690,670
A221840,하이즈항공,3650,683
A019770,서연탑메탈,4475,521
A096640,멜파스,1495,695
A305090,마이크로디지탈,9290,1453
A123750,알톤스포츠,5230,667
A227610,아우딘퓨쳐스,1914,453
A056000,코원플레이,0,0
A267790,배럴,7930,626
A289010,아이스크림에듀,5290,681
A900110,이스트아시아홀딩스,170,496
A080470,성창오토텍,6780,495
A131220,대한과학,7090,529
A006200,한국전자홀딩스,1170,548
A169330,엠브레인,3555,647
A250060,모비스,2120,682
A023770,플레이위드,6190,543
A069410,엔텔스,5890,603
A115480,씨유메디칼,1239,598
A066910,손오공,2330,633
A065150,엠피대산,611,765
A011090,에넥스,710,426
A187270,신화콘텍,5130,520
A094970,제이엠티,4000,670
A007530,영신금속,4065,779
A215790,이노인스트루먼트,1270,512
A064520,테크엘,7880,876
A332290,누보,1340,443
A038060,루멘스,1318,634
A035460,기산텔레콤,2995,437
A322510,제이엘케이,5900,907
A051780,큐로홀딩스,455,566
A317120,라닉스,6020,582
A011420,갤럭시아에스엠,2460,678
A195500,마니커에프앤지,3300,526
A131760,파인텍,1521,649
A059210,메타바이오메드,2325,555
A007610,선도전기,3000,540
A018680,서울제약,4480,522
A025560,미래산업,28050,1283
A038950,파인디지털,5640,576
A226340,본느,1528,469
A002290,삼일기업공사,3565,442
A010280,쌍용정보통신,993,635
A352940,인바이오,4190,455
A277070,린드먼아시아,6800,931
A054540,삼영엠텍,3725,484
A010640,진양폴리,5190,519
A101140,인바이오젠,467,658
A217190,제너셈,8850,776
A024830,세원물산,8260,690
A138070,신진에스엠,2765,484
A046310,백금T&A,3100,509
A175140,인포마크,8150,1201
A147760,마이크로프랜드,4830,523
A008600,윌비스,601,404
A331920,셀레믹스,5190,424
A018620,우진비앤지,1521,439
A066430,와이오엠,897,328
A111870,KH 전자,198,317
A318000,KBG,10560,869
A011300,성안,2295,1332
A331520,밸로프,1257,626
A015260,에이엔피,2425,984
A058450,일야,1005,496
A049120,파인디앤씨,1528,460
A020180,대신정보통신,1140,438
A246720,아스타,10630,1372
A018500,동원금속,942,440
A131090,시큐브,1123,494
A005030,부산주공,486,354
A017510,세명전기,3000,457
A223310,커머스마이너,3320,522
A318410,비비씨,9620,534
A064480,브리지텍,10330,1235
A044380,주연테크,683,404
A039310,세중,2470,448
A036690,코맥스,3850,600
A098120,마이크로컨텍솔,7100,590
A391060,엔에이치스팩20호,1990,507
A021650,한국큐빅,3180,520
A118000,초록뱀헬스케어,540,457
A002690,동일제강,2535,515
A009310,참엔지니어링,720,424
A032750,삼진,6860,553
A900340,윙입푸드,1013,486
A263020,디케이앤디,3260,506
A009620,삼보산업,1042,472
A054940,엑사이엔씨,1167,387
A066360,체리부로,1304,611
A317770,슈프리마아이디,47050,1437
A187220,디티앤씨,4550,532
A079170,한창산업,12510,651
A190650,코리아에셋투자증권,8650,553
A012280,영화금속,1098,586
A043590,크로바하이텍,1434,513
A184230,SGA솔루션즈,1026,556
A203450,유니온커뮤니티,3490,512
A361670,삼영에스앤씨,8090,459
A365900,브이씨,6440,471
A317870,엔바이오니아,13650,1075
A045510,정원엔시스,1348,434
A317530,캐리소프트,7260,505
A093240,형지엘리트,1198,373
A263810,상신전자,4295,612
A049630,재영솔루텍,761,633
A043710,서울리거,818,411
A204840,지엘팜텍,808,502
A900260,로스웰,1011,364
A137940,넥스트아이,599,469
A024120,KB오토시스,6950,799
A032800,판타지오,460,442
A153460,네이블,9770,638
A294630,서남,3370,721
A052860,아이앤씨,2600,464
A001770,SHD,33650,409
A049470,SGA,783,461
A025880,케이씨피드,2695,450
A225590,패션플랫폼,1519,405
A002870,신풍,1011,353
A372800,아이티아이즈,9970,596
A031510,오스템,1568,439
A252500,세화피앤씨,1161,482
A079970,투비소프트,899,629
A080720,한국유니온제약,6070,480
A078860,아이오케이,400,385
A320000,윈텍,7480,1384
A347700,라이프시맨틱스,5680,581
A005820,원림,23400,538
A131180,딜리,1450,426
A187660,에이디엠코리아,2235,488
A290270,휴네시온,4325,416
A065060,지엔코,425,417
A123840,한일진공,511,514
A024840,KBI메탈,1692,558
A048470,대동스틸,4245,425
A198080,엔피디,2530,545
A000760,이화산업,15300,428
A053160,프리엠스,7830,470
A016920,카스,1682,446
A313760,윌링스,9480,539
A032980,바이온,1408,524
A046070,코다코,1206,471
A328380,솔트웨어,1146,393
A026040,제이에스티나,2970,490
A030720,동원수산,8650,403
A044480,블레이드 Ent,1488,484
A091970,나노캠텍,1074,402
A012600,청호ICT,2490,477
A001000,신라섬유,1797,436
A119500,포메탈,4135,490
A196300,애니젠,8660,485
A032960,동일기연,13350,485
A091340,S&K폴리텍,3640,426
A006920,모헨즈,3775,412
A075130,플랜티넷,2510,417
A246960,이노테라피,7800,491
A021040,대호특수강,5260,433
A226400,오스테오닉,4425,795
A067010,이씨에스,3830,471
A353190,휴럼,1020,391
A308100,까스텔바작,5730,380
A012620,원일특강,10660,469
A009730,코센,4655,1351
A059100,아이컴포넌트,7200,509
A065500,오리엔트정공,1118,355
A323280,태성,2095,529
A192390,윈하이텍,3970,423
A215380,우정바이오,2900,376
A141020,디에스앤엘,1331,437
A092600,앤씨앤,1846,463
A250930,예선테크,1024,338
A008470,부스타,5110,429
A900070,글로벌에스엠,842,453
A079000,와토스코리아,5470,394
A032080,아즈텍WB,1961,421
A039980,리노스,881,407
A215480,토박스코리아,4635,446
A208710,바이오로그디바이스,1002,423
A115570,스타플렉스,4590,366
A038530,골드퍼시픽,305,281
A031310,아이즈비전,2890,505
A002820,SUN&L,2835,357
A081580,성우전자,2985,463
A900300,오가닉티코스메틱,234,434
A027040,서울전자통신,597,415
A101390,아이엠,9470,767
A065420,에스아이리소스,513,349
A072130,유엔젤,4750,627
A007120,미래아이앤지,350,488
A363250,진시스템,16500,1143
A036000,예림당,1968,453
A002420,세기상사,8850,492
A015020,이스타코,731,313
A060380,동양에스텍,2230,439
A067730,로지시스,4300,416
A078940,코드네이처,928,423
A208370,셀바스헬스케어,7020,1522
A032580,피델릭스,1357,450
A052770,아이톡시,2085,573
A002070,비비안,1407,419
A046970,우리로,1237,396
A010400,우진아이엔에스,6060,462
A050760,에스폴리텍,2640,431
A083660,CSA 코스믹,820,323
A036480,대성미생물,10250,390
A084670,동양고속,14740,427
A024070,WISCOM,2785,427
A052670,제일바이오,1930,562
A054300,팬스타엔터프라이즈,791,468
A045300,성우테크론,4625,461
A356890,싸이버원,11910,566
A181340,이즈미디어,2705,543
A115530,씨엔플러스,578,393
A222160,바이옵트로,4860,396
A435620,하나금융25호스팩,9720,418
A084870,TBH글로벌,1943,405
A009140,경인전자,24000,377
A002680,한탑,1268,380
A254120,자비스,2570,574
A052460,아이크래프트,3265,477
A103840,우양,2730,389
A321820,와이더플래닛,5920,409
A079190,케스피온,1085,371
A051390,YW,3720,422
A322180,티라유텍,15200,835
A080530,코디,1289,365
A054220,비츠로시스,811,204
A331380,포커스에이치엔에스,2255,430
A004920,씨아이테크,1453,674
A028080,휴맥스홀딩스,7550,950
A154030,아시아종묘,3455,384
A340360,다보링크,871,372
A024850,HLB이노베이션,4580,3046
A106240,파인테크닉스,2760,439
A045340,토탈소프트,4230,362
A229000,젠큐릭스,5300,353
A101000,상상인인더스트리,325,233
A208350,지란지교시큐리티,5020,444
A258790,소프트캠프,1927,482
A079650,서산,1923,385
A071850,캐스텍코리아,2155,357
A050090,비케이홀딩스,396,313
A066790,씨씨에스,535,300
A044780,에이치케이,1961,363
A010420,한솔PNS,1497,307
A035200,프럼파스트,3595,350
A113810,디젠스,1153,376
A093380,풍강,4350,430
A043200,파루,852,356
A196700,웹스,2585,371
A072950,빛샘전자,5110,411
A033050,제이엠아이,1227,400
A082660,코스나인,1392,872
A225430,케이엠제약,1287,359
A275630,에스에스알,5380,324
A310870,디와이씨,1869,387
A197140,디지캡,5640,540
A014100,메디앙스,3330,393
A079950,인베니아,1873,435
A237750,피앤씨테크,6350,413
A073540,에프알텍,2750,314
A154040,솔루에타,2540,389
A900120,씨케이에이치,178,295
A063760,이엘피,6570,613
A439250,삼성스팩7호,9820,344
A065690,파커스,1859,261
A099410,동방선기,2650,359
A086060,진바이오텍,4430,381
A069140,누리플랜,4715,335
A014910,성문전자,1767,395
A048830,엔피케이,1837,344
A130740,티피씨글로벌,3280,370
A060260,뉴보텍,914,380
A333050,모코엠시스,1546,349
A088790,진도,3175,395
A286750,나노브릭,1458,298
A098660,에스티오,2900,363
A003680,한성기업,5280,328
A036180,지더블유바이텍,647,360
A179530,애드바이오텍,4180,382
A043100,솔고바이오,479,318
A023790,동일철강,1901,304
A025870,신라에스지,9010,360
A219550,디와이디,1208,624
A019540,일지테크,3190,431
A060480,국일신동,2960,328
A123330,제닉,5410,379
A032280,삼일,2005,325
A187790,나노,1196,348
A096610,알에프세미,15080,1640
A101400,엔시트론,728,381
A026910,광진실업,4735,303
A290660,네오펙트,1446,288
A033250,체시스,900,288
A017250,인터엠,1233,259
A001420,태원물산,5690,432
A065770,CS,1495,290
A020400,대동금속,9620,307
A043360,디지아이,3300,297
A025620,제이준코스메틱,7810,350
A115610,이미지스,2880,441
A191410,육일씨엔에쓰,3595,353
A058530,파나케이아,1620,293
A011230,삼화전자,2940,356
A039740,한국정보공학,4100,329
A054410,케이피티유,5760,291
A148780,비플라이소프트,1220,384
A084440,유비온,1503,296
A117670,알파홀딩스,945,325
A096870,엘디티,3755,251
A134060,이퓨쳐,6860,327
A062970,피피아이,2840,264
A001210,금호전기,945,281
A064510,유네코,0,0
A148140,비디아이,640,277
A067770,세진티에스,3695,310
A219750,지티지웰니스,1425,272
A025890,한국주강,3620,409
A323230,엠에프엠코리아,876,265
A073190,듀오백,2315,277
A053060,세동,2065,363
A900270,헝셩그룹,376,311
A299910,베스파,3165,260
A069330,유아이디,1676,238
A174880,장원테크,530,116
A208860,엔지스테크널러지,2205,252
A114120,크루셜텍,10850,249
A008290,원풍물산,919,374
A224060,더코디,6870,221
A071950,코아스,711,220
A054630,에이디칩스,480,383
A091440,텔레필드,2355,241
A110020,전진바이오팜,4660,328
A019490,하이트론,2470,237
A377630,삼성스팩4호,4425,178
A070590,한솔인티큐브,1720,239
A064090,에프앤리퍼블릭,2225,453
A138690,엘아이에스,982,228
A051980,중앙디앤엠,5660,3566
A070300,엑스큐어,3150,232
A008500,일정실업,12900,155
A044180,KD,718,178
A214310,에스엘바이오닉스,306,225
A030790,비케이탑스,904,192
A380320,삼성머스트스팩5호,3310,159
A103230,에스앤더블류,4010,289
A425290,삼성스팩6호,3190,176
A161570,THE MIDONG,1568,244
A038340,MIT,1362,310
A430230,하나금융24호스팩,2055,164
A397500,대신밸런스제11호스팩,0,0
A424140,케이비제21호스팩,2045,158
A406760,하나금융21호스팩,2105,156
A393360,신한제8호스팩,2130,157
A422040,엔에이치스팩23호,2015,144
A033790,스카이문스테크놀로지,1959,335
A396770,엔에이치스팩22호,3505,226
A388220,하나금융19호스팩,2800,177
A430220,신영스팩8호,2065,140
A367480,유안타제8호스팩,2750,178
A367460,유안타제7호스팩,0,0
A355150,코스텍시스,3250,1083
A412930,미래에셋비전스팩1호,2090,129
A367340,DB금융스팩8호,2070,125
A426670,대신밸런스제12호스팩,2580,150
A101680,한국정밀기계,5470,460
A440200,케이비제23호스팩,2030,124
A436610,한국제11호스팩,2790,168
A418170,하나금융22호스팩,2130,128
A421800,교보12호스팩,2075,124
A430460,한화플러스제3호스팩,2010,119
A413630,유진스팩8호,2080,123
A404950,DB금융스팩10호,2120,124
A387310,대신밸런스제10호스팩,0,0
A435380,유안타제10호스팩,2030,116
A438220,대신밸런스제13호스팩,2260,127
A341160,하나금융15호스팩,0,0
A409570,한국제10호스팩,2025,110
A377400,하이제6호스팩,2120,115
A058220,아리온,275,107
A415580,상상인제3호스팩,2095,111
A430700,유안타제9호스팩,2095,110
A342550,케이비제20호스팩,0,0
A436530,케이비제22호스팩,2085,109
A426550,IBKS제19호스팩,2150,109
A353490,미래에셋대우스팩 5호,2010,102
A388800,유진스팩7호,2210,111
A400840,하이제7호스팩,2050,105
A351340,IBKS제13호스팩,0,0
A353060,에이치엠씨제5호스팩,2085,107
A437780,엔에이치스팩24호,2145,108
A367360,DB금융스팩9호,2125,103
A427950,하나금융23호스팩,2230,108
A344050,신영스팩6호,0,0
A366330,신한제7호스팩,2200,100
A405640,신한제9호스팩,2080,94
A424760,IBKS제18호스팩,2910,123
A397880,교보11호스팩,2125,94
A372290,하나머스트7호스팩,2200,95
A439730,IBKS제20호스팩,2120,91
A078650,지나인제약,2120,86
A386580,한화플러스제2호스팩,2105,88
A419270,신영스팩7호,2155,93
A353070,에이치엠씨제4호스팩,0,0
A408920,메쎄이상,2755,1175
A121890,에스디시스템,739,94
A433530,키움제7호스팩,2085,86
A343510,하나금융16호스팩,0,0
A440790,교보13호스팩,2080,84
A388790,라이콤,2000,570
A058420,제이웨이,0,0
A435870,에스케이증권제8호스팩,2145,80
A418210,신한제10호스팩,2070,76
A349720,이베스트스팩5호,0,0
A413600,키움제6호스팩,2160,74
A373340,유진스팩6호,2190,66
A400560,하나금융20호스팩,2280,70
A438580,엔에이치스팩25호,2260,68
A405350,IBKS제17호스팩,2255,61
A050540,엠피씨플러스,822,53
A439410,엔에이치스팩26호,2025,178
A442130,유진스팩9호,2060,71
A088980,맥쿼리인프라,12420,50282
A088260,이리츠코크렙,5020,3180
A330590,롯데리츠,3680,8941
A140910,에이리츠,3485,156
A145270,케이탑리츠,978,470
A293940,신한알파리츠,5570,4112
A348950,제이알글로벌리츠,4455,8793
A357250,미래에셋맵스리츠,3545,713
A357120,코람코에너지리츠,5110,4524
A350520,이지스레지던스리츠,3840,1089
A334890,이지스밸류리츠,4675,1718
A338100,NH프라임리츠,4250,793
A204210,모두투어리츠,3750,294
A365550,ESR켄달스퀘어리츠,3885,8279
A395400,SK리츠,5000,9828
A377190,디앤디플랫폼리츠,3355,2161
A396690,미래에셋글로벌리츠,3640,1058
A419530,SAMG엔터,31250,2685
A417180,핑거스토리,6930,916
A442310,대신밸런스제14호스팩,2200,148
A440820,엔에이치스팩27호,2015,157
A442770,IBKS제21호스팩,2105,89
A377740,바이오노트,6790,6917
A445360,비엔케이제1호스팩,2020,87
A162300,신스틸,5470,2204
A445970,신영스팩9호,2065,111
A380540,옵티코어,2545,692
A425040,티이엠씨,43800,4653
A198940,한주라이트메탈,7190,1397
A254490,미래반도체,28400,4100
A450140,코오롱모빌리티그룹,4635,3202
A417860,오브젠,45350,1759
A419050,삼기이브이,19150,2738
A408900,스튜디오미르,46000,2466
A407400,꿈비,23350,1854
A418550,제이오,35950,11265
A411080,샌즈랩,15650,2362
A127980,화인써키트,16180,1839
A344860,이노진,4000,481
A199730,바이오인프라,29900,1434
A448740,삼성스팩8호,9720,453
A449020,유안타제13호스팩,2000,195
A446190,미래에셋비전스팩2호,2035,101
A417010,나노팀,32200,6168
A389020,자람테크놀로지,40000,2479
A418420,라온텍,9200,2634
A446750,하나26호스팩,2015,122
A450410,엔에이치스팩28호,2085,82
A282720,금양그린파워,21900,2654
A356680,엑스게이트,3130,831
A442900,미래에셋드림스팩1호,9470,727
A446150,유안타제12호스팩,2015,96
A309960,LB인베스트먼트,6770,1572
A358570,지아이이노베이션,24100,5303
A452260,한화갤러리아,2035,4375
A448370,하나27호스팩,2015,113
A448760,IBKS제22호스팩,2100,93
A448830,미래에셋비전스팩3호,2010,99
A453340,현대그린푸드,11250,3812